{"draft_materials":[],"draft_virtual_store":[{"type":0,"value":[{"creation_time":0,"display_name":"","filter_type":0,"id":"","import_time":0,"import_time_us":0,"sort_sub_type":0,"sort_type":0}]},{"type":1,"value":[{"child_id":"1af2b3a3-5c12-4db6-a89e-d80454f9f3ac","parent_id":""},{"child_id":"101b7f04-9ca4-4feb-bbb1-6a00360a5e43","parent_id":""},{"child_id":"4584d4c1-5e52-4423-861e-708fe01c05ad","parent_id":""},{"child_id":"8433c789-6589-4dc7-8656-5a4fa0fa2cbf","parent_id":""},{"child_id":"f3687edf-3625-4b3e-a5c5-90971a4a2236","parent_id":""},{"child_id":"da8d14ba-7964-4a8d-bce1-b3274853b39e","parent_id":""},{"child_id":"a1b0644e-0ae6-4aec-a9ab-51ea6b247ecd","parent_id":""},{"child_id":"6ae74e22-090e-4aa0-9517-4475e4ad1fa0","parent_id":""},{"child_id":"3db06ab1-d791-4f2b-917c-9253300970da","parent_id":""},{"child_id":"5115c2e8-b011-41fb-bb83-41e4f82fbdf2","parent_id":""},{"child_id":"d6f00b57-d6f3-46ca-befd-626a1e0c25f4","parent_id":""},{"child_id":"343d3b2d-3eda-4250-86f9-a30743400e4b","parent_id":""},{"child_id":"e2d6b327-74d9-4224-9a39-70f5a8130413","parent_id":""},{"child_id":"5b250637-44b4-40a5-a3d5-7d5cc3f5fc82","parent_id":""},{"child_id":"a5f4cded-d638-45b6-ab29-04c666e0ae02","parent_id":""},{"child_id":"1ad69feb-4812-4fce-a2c7-300fe96a564f","parent_id":""},{"child_id":"fa72fb4e-85ae-4ce6-b12b-f710a547e7f4","parent_id":""},{"child_id":"a9c7e076-c11c-4132-90c4-b64181b090e1","parent_id":""},{"child_id":"9a122dd8-9756-4623-aca7-52b7c6fc1fed","parent_id":""},{"child_id":"77188817-27ae-45b4-a9ee-263bb933481a","parent_id":""},{"child_id":"53b78485-1adf-4f26-a1f1-9be925766877","parent_id":""},{"child_id":"e44122f6-7e3c-4be2-bd7a-61557bb7846d","parent_id":""},{"child_id":"45406c7b-5f93-4d7e-af95-a420cbf6ddee","parent_id":""},{"child_id":"110d48ac-59a1-4d47-8cf5-9c17937b660f","parent_id":""},{"child_id":"b442a0e2-d0cf-4c12-a2b9-ec0584a3830a","parent_id":""},{"child_id":"49022916-3539-40f9-8dbc-37cb03763d28","parent_id":""},{"child_id":"5ba46152-97bc-471d-a206-2563665a94c2","parent_id":""},{"child_id":"25a71bdf-8953-4829-aa1e-e0c9979271c6","parent_id":""},{"child_id":"ce0b95c2-efd4-4f25-bdf8-5650225e3cd8","parent_id":""},{"child_id":"0bdbd5bd-007f-4b25-a08e-922dc8314964","parent_id":""},{"child_id":"80879637-5f6c-4830-ad60-a7101205d930","parent_id":""},{"child_id":"128f8096-bb46-489b-95d8-9452d8e5cb48","parent_id":""},{"child_id":"8a37c899-b61d-4104-aa2c-0ce06e2b32bd","parent_id":""},{"child_id":"811674d3-0694-4dd9-ac85-3e2d7b0e97ba","parent_id":""},{"child_id":"ab365a3f-8a53-4434-af57-b0718c5e6f1a","parent_id":""},{"child_id":"af5c8939-375f-4b65-a078-83e8d7431c93","parent_id":""},{"child_id":"e39a6151-1dcb-408e-93cc-4e50b3a6cb35","parent_id":""},{"child_id":"34fcb712-8d02-45d9-af07-9c51261eb2cc","parent_id":""},{"child_id":"7f1dcb03-b039-4d4a-bcb7-fa22f588d8ab","parent_id":""},{"child_id":"f44671af-104c-452d-81e5-c4398a16d187","parent_id":""},{"child_id":"e28c6c76-164c-4cb5-9964-a9682a5464db","parent_id":""},{"child_id":"c91dc861-2b78-4560-9fb8-8aca16b25c4c","parent_id":""},{"child_id":"3e9e5489-d829-4cd2-8dfb-bb958b499a2f","parent_id":""},{"child_id":"54b9c1f1-e5a6-49b8-9e69-53cdad95753f","parent_id":""},{"child_id":"9c065f7b-3291-4946-9aa8-c314744805f1","parent_id":""},{"child_id":"b1c58acb-edae-4389-b190-641b2c25916b","parent_id":""}]},{"type":2,"value":[]}]}